{
  "controller/List-dbg.controller.js": 1694514547319,
  "Component.js": 1694414076953,
  "model/models.js": 1694414076953,
  "controller/List.controller.js": 1694514547319,
  "controller/BaseController.js": 1694444502157,
  "formatter.js": 1694493151717,
  "manifest.json": 1694514577010,
  "Component-preload.js": 1694514577194,
  "i18n/i18n.properties": 1694414076953,
  "model/models-dbg.js": 1694414076953,
  "controller/BaseController-dbg.js": 1694444502157,
  "formatter-dbg.js": 1694493151717,
  "Component-dbg.js": 1694414076953,
  "view/List.view.xml": 1694493151717,
  "view/App.view.xml": 1694414076953,
  "fragment/VendorDetails.fragment.xml": 1694493151717,
  "fragment/Create.fragment.xml": 1694493151717,
  "fragment/Attachment.fragment.xml": 1694493151717,
  "css/style.css": 1694414076953,
  "index.html": 1694414076953
}