{
  "view/App.view.xml": 1694365638559,
  "manifest.json": 1710861079470,
  "model/models.js": 1694365074600,
  "controller/List.controller.js": 1710856905893,
  "controller/Form.controller.js": 1710854105946,
  "controller/BaseController.js": 1695898633273,
  "formatter.js": 1710854105946,
  "Component.js": 1710854105942,
  "Component-preload.js": 1710861079934,
  "formatter-dbg.js": 1710854105946,
  "controller/List-dbg.controller.js": 1710856905893,
  "controller/Form-dbg.controller.js": 1710854105946,
  "controller/BaseController-dbg.js": 1695898633273,
  "model/models-dbg.js": 1694365074600,
  "Component-dbg.js": 1710854105942,
  "view/List.view.xml": 1710855299871,
  "view/Form.view.xml": 1710860971253,
  "i18n/i18n.properties": 1694365139280,
  "fragment/VendorDetails.fragment.xml": 1708494191984,
  "fragment/Create.fragment.xml": 1710855411545,
  "fragment/Attachment.fragment.xml": 1694535400517,
  "css/style.css": 1709809513400,
  "index.html": 1694365074592
}