{
  "controller/List.controller.js": 1694365659539,
  "controller/BaseController.js": 1694365659539,
  "model/models.js": 1694365074600,
  "i18n/i18n.properties": 1694365139280,
  "manifest.json": 1694409209049,
  "formatter.js": 1694365706367,
  "Component.js": 1694365602391,
  "Component-preload.js": 1694409209214,
  "Component-dbg.js": 1694365602391,
  "controller/List-dbg.controller.js": 1694365659539,
  "controller/BaseController-dbg.js": 1694365659539,
  "formatter-dbg.js": 1694365706367,
  "model/models-dbg.js": 1694365074600,
  "view/List.view.xml": 1694365780023,
  "view/App.view.xml": 1694365638559,
  "fragment/Create.fragment.xml": 1694366143694,
  "css/style.css": 1694365074604,
  "index.html": 1694365074592
}