{
  "model/models-dbg.js": 1694365074600,
  "manifest.json": 1694440969060,
  "model/models.js": 1694365074600,
  "controller/List.controller.js": 1694439696261,
  "controller/BaseController.js": 1694424076090,
  "formatter.js": 1694438194637,
  "Component.js": 1694365602391,
  "Component-preload.js": 1694440969367,
  "i18n/i18n.properties": 1694365139280,
  "controller/List-dbg.controller.js": 1694439696261,
  "controller/BaseController-dbg.js": 1694424076090,
  "formatter-dbg.js": 1694438194637,
  "Component-dbg.js": 1694365602391,
  "view/List.view.xml": 1694438854069,
  "view/App.view.xml": 1694365638559,
  "fragment/Create.fragment.xml": 1694420441332,
  "css/style.css": 1694365074604,
  "index.html": 1694365074592
}