<Dialog
    id="gstDialog"
    title="GST Details"
    titleAlignment="Center"
    xmlns:f="sap.ui.layout.form"
    xmlns:core="sap.ui.core"
    xmlns="sap.m"
    xmlns:u="sap.ui.unified"
    draggable="true"
    contentWidth="300px"
    contentHeight="350px"
    class="sapUiSizeCompact"
>
    <content>
        <f:SimpleForm
            id="_IDGenSimpleForm1"
            editable="true"
            layout="ResponsiveGridLayout"
        >
            <core:Title text="GST 1" />
            <Label
                design="Bold"
                text="GSTIN 1"
            />
            <Input
                placeholder="Enter GST Number (Eg: 29ABCDE1234ZXXX)"
                change="onInputChange($event,'GstNumber1')"
                value="{path:'GstModel>/GstNumber1',type: '.customGstType'}"
            />
            <Label
                design="Bold"
                text="Upload GSTIN 1"
            />
            <u:FileUploader
                sendXHR="true"
                useMultipart="false"
                uploadComplete="onUploadComplete"
                buttonText="Browse"
                fileSizeExceed="onFileSizeExceded"
                fileType="jpg,jpeg,msg,pdf,docx,doc,ppt,pptx,ost"
                change="onFileUploaderChange"
                maximumFileSize="10MB"
            >
                <u:customData>
                    <core:CustomData key="GstFileName1" />
                </u:customData>
            </u:FileUploader>
            <Link
                text="{GstModel>/GstFileName1}"
                press="onAttachmentGet"
                visible="{= ${GstModel>/GstFileName1} !== ''}"
            >
                <customData>
                    <core:CustomData key="GstFileName1" />
                </customData>
            </Link>
            <Label
                design="Bold"
                text="Address 1"
            />
            <Input
                placeholder="Plot No.,House No.,Street No."
                maxLength="60"
                value="{path:'GstModel>/Gst1Address1',type:'sap.ui.model.type.String'}"
            />
            <Label
                design="Bold"
                text="Address 2"
            />
            <Input
                placeholder="City, State, District"
                maxLength="40"
                value="{path:'GstModel>/Gst1Address2',type:'sap.ui.model.type.String'}"
            />
            <core:Title text="GST 2" />
            <Label
                design="Bold"
                text="GSTIN 2"
            />
            <Input
                placeholder="Enter GST Number (Eg: 29ABCDE1234ZXXX)"
                change="onInputChange($event,'GstNumber2')"
                value="{path:'GstModel>/GstNumber2',type: '.customGstType'}"
            />
            <Label
                design="Bold"
                text="Upload GSTIN 2"
            />
            <u:FileUploader
                sendXHR="true"
                useMultipart="false"
                uploadComplete="onUploadComplete"
                buttonText="Browse"
                fileSizeExceed="onFileSizeExceded"
                fileType="jpg,jpeg,msg,pdf,docx,doc,ppt,pptx,ost"
                change="onFileUploaderChange"
                maximumFileSize="10MB"
            >
                <u:customData>
                    <core:CustomData key="GstFileName2" />
                </u:customData>
            </u:FileUploader>
            <Link
                text="{GstModel>/GstFileName2}"
                press="onAttachmentGet"
                visible="{= ${GstModel>/GstFileName2} !== ''}"
            >
                <customData>
                    <core:CustomData key="GstFileName2" />
                </customData>
            </Link>
            <Label
                design="Bold"
                text="Address 1"
            />
            <Input
                placeholder="Plot No.,House No.,Street No."
                maxLength="60"
                value="{path:'GstModel>/Gst2Address1',type:'sap.ui.model.type.String'}"
            />
            <Label
                design="Bold"
                text="Address 2"
            />
            <Input
                placeholder="City, State, District"
                maxLength="40"
                value="{path:'GstModel>/Gst2Address2',type:'sap.ui.model.type.String'}"
            />
            <core:Title
                text="GST 3"
            />
            <Label
                design="Bold"
                text="GSTIN 3"
            />
            <Input
                placeholder="Enter GST Number (Eg: 29ABCDE1234ZXXX)"
                change="onInputChange($event,'GstNumber3')"
                value="{path:'GstModel>/GstNumber3',type: '.customGstType'}"
            />
            <Label
                design="Bold"
                text="Upload GSTIN 3"
            />
            <u:FileUploader
                sendXHR="true"
                useMultipart="false"
                uploadComplete="onUploadComplete"
                buttonText="Browse"
                fileSizeExceed="onFileSizeExceded"
                fileType="jpg,jpeg,msg,pdf,docx,doc,ppt,pptx,ost"
                change="onFileUploaderChange"
                maximumFileSize="10MB"
            >
                <u:customData>
                    <core:CustomData key="GstFileName3" />
                </u:customData>
            </u:FileUploader>
            <Link
                text="{GstModel>/GstFileName3}"
                press="onAttachmentGet"
                visible="{= ${GstModel>/GstFileName3} !== ''}"
            >
                <customData>
                    <core:CustomData key="GstFileName3" />
                </customData>
            </Link>
            <Label
                design="Bold"
                text="Address 1"
            />
            <Input
                placeholder="Plot No.,House No.,Street No."
                maxLength="60"
                value="{path:'GstModel>/Gst3Address1',type:'sap.ui.model.type.String'}"
            />
            <Label
                design="Bold"
                text="Address 2"
            />
            <Input
                placeholder="City, State, District"
                maxLength="40"
                value="{path:'GstModel>/Gst3Address2',type:'sap.ui.model.type.String'}"
            />
            <core:Title
                text="GST 4"
            />
            <Label
                design="Bold"
                text="GSTIN 4"
            />
            <Input
                placeholder="Enter GST Number (Eg: 29ABCDE1234ZXXX)"
                change="onInputChange($event,'GstNumber4')"
                value="{path:'GstModel>/GstNumber4',type: '.customGstType'}"
            />
            <Label
                design="Bold"
                text="Upload GSTIN 4"
            />
            <u:FileUploader
                sendXHR="true"
                useMultipart="false"
                uploadComplete="onUploadComplete"
                buttonText="Browse"
                fileSizeExceed="onFileSizeExceded"
                fileType="jpg,jpeg,msg,pdf,docx,doc,ppt,pptx,ost"
                change="onFileUploaderChange"
                maximumFileSize="10MB"
            >
                <u:customData>
                    <core:CustomData key="GstFileName4" />
                </u:customData>
            </u:FileUploader>
            <Link
                text="{GstModel>/GstFileName4}"
                press="onAttachmentGet"
                visible="{= ${GstModel>/GstFileName4} !== ''}"
            >
                <customData>
                    <core:CustomData key="GstFileName4" />
                </customData>
            </Link>
            <Label
                design="Bold"
                text="Address 1"
            />
            <Input
                placeholder="Plot No.,House No.,Street No."
                maxLength="60"
                value="{path:'GstModel>/Gst4Address1',type:'sap.ui.model.type.String'}"
            />
            <Label
                design="Bold"
                text="Address 2"
            />
            <Input
                placeholder="City, State, District"
                maxLength="40"
                value="{path:'GstModel>/Gst4Address2',type:'sap.ui.model.type.String'}"
            />
            <core:Title
                text="GST 5"
            />
            <Label
                design="Bold"
                text="GSTIN 5"
            />
            <Input
                placeholder="Enter GST Number (Eg: 29ABCDE1234ZXXX)"
                change="onInputChange($event,'GstNumber5')"
                value="{path:'GstModel>/GstNumber5',type: '.customGstType'}"
            />
            <Label
                design="Bold"
                text="Upload GSTIN 5"
            />
            <u:FileUploader
                sendXHR="true"
                useMultipart="false"
                uploadComplete="onUploadComplete"
                buttonText="Browse"
                fileSizeExceed="onFileSizeExceded"
                fileType="jpg,jpeg,msg,pdf,docx,doc,ppt,pptx,ost"
                change="onFileUploaderChange"
                maximumFileSize="10MB"
            >
                <u:customData>
                    <core:CustomData key="GstFileName5" />
                </u:customData>
            </u:FileUploader>
            <Link
                text="{GstModel>/GstFileName5}"
                press="onAttachmentGet"
                visible="{= ${GstModel>/GstFileName5} !== ''}"
            >
                <customData>
                    <core:CustomData key="GstFileName5" />
                </customData>
            </Link>
            <Label
                design="Bold"
                text="Address 1"
            />
            <Input
                placeholder="Plot No.,House No.,Street No."
                maxLength="60"
                value="{path:'GstModel>/Gst5Address1',type:'sap.ui.model.type.String'}"
            />
            <Label
                design="Bold"
                text="Address 2"
            />
            <Input
                placeholder="City, State, District"
                maxLength="40"
                value="{path:'GstModel>/Gst5Address2',type:'sap.ui.model.type.String'}"
            />
        </f:SimpleForm>
    </content>
    <beginButton>
        <Button
            id="_IDGenButton1"
            type="Emphasized"
            text="Submit"
            press="onGstSubmit"
        />
    </beginButton>
    <endButton>
        <Button
            id="_IDGenButton2"
            type="Reject"
            text="Cancel"
            press="onDialogCancel"
        />
    </endButton>
</Dialog>
