{
  "controller/List-dbg.controller.js": 1701243442647,
  "controller/List.controller.js": 1701243442647,
  "model/models.js": 1694365074600,
  "manifest.json": 1701244682458,
  "controller/Form.controller.js": 1701244554862,
  "controller/BaseController.js": 1695898633273,
  "formatter.js": 1701243442651,
  "Component.js": 1697101765548,
  "Component-preload.js": 1701244683180,
  "formatter-dbg.js": 1701243442651,
  "i18n/i18n.properties": 1694365139280,
  "controller/Form-dbg.controller.js": 1701244554862,
  "controller/BaseController-dbg.js": 1695898633273,
  "model/models-dbg.js": 1694365074600,
  "Component-dbg.js": 1697101765548,
  "view/List.view.xml": 1701243442655,
  "view/Form.view.xml": 1701243442655,
  "view/App.view.xml": 1694365638559,
  "fragment/VendorDetails.fragment.xml": 1701243442651,
  "fragment/Create.fragment.xml": 1701243442651,
  "fragment/Attachment.fragment.xml": 1694535400517,
  "css/style.css": 1697435499531,
  "index.html": 1694365074592
}