{
  "controller/List.controller.js": 1697115694636,
  "manifest.json": 1697115893693,
  "model/models.js": 1694414076953,
  "i18n/i18n.properties": 1694414076953,
  "controller/Form.controller.js": 1697112728565,
  "controller/BaseController.js": 1695639473807,
  "formatter.js": 1696501536630,
  "Component.js": 1697098742851,
  "Component-preload.js": 1697115894012,
  "formatter-dbg.js": 1696501536630,
  "controller/List-dbg.controller.js": 1697115694636,
  "controller/Form-dbg.controller.js": 1697112728565,
  "controller/BaseController-dbg.js": 1695639473807,
  "model/models-dbg.js": 1694414076953,
  "Component-dbg.js": 1697098742851,
  "view/List.view.xml": 1696950353620,
  "view/Form.view.xml": 1697115827933,
  "view/App.view.xml": 1694414076953,
  "fragment/VendorDetails.fragment.xml": 1697114318550,
  "fragment/Create.fragment.xml": 1695157579340,
  "fragment/Attachment.fragment.xml": 1695157579340,
  "css/style.css": 1697112776496,
  "index.html": 1694414076953
}