{
  "controller/List.controller.js": 1702304975477,
  "model/models.js": 1694365074600,
  "manifest.json": 1702305093831,
  "i18n/i18n.properties": 1694365139280,
  "controller/Form.controller.js": 1702277884013,
  "controller/BaseController.js": 1695898633273,
  "formatter.js": 1702304341853,
  "Component.js": 1702277884013,
  "Component-preload.js": 1702305094588,
  "controller/Form-dbg.controller.js": 1702277884013,
  "controller/List-dbg.controller.js": 1702304975477,
  "model/models-dbg.js": 1694365074600,
  "controller/BaseController-dbg.js": 1695898633273,
  "formatter-dbg.js": 1702304341853,
  "Component-dbg.js": 1702277884013,
  "view/List.view.xml": 1702303905525,
  "view/Form.view.xml": 1702278143372,
  "view/App.view.xml": 1694365638559,
  "fragment/VendorDetails.fragment.xml": 1701243442651,
  "fragment/Create.fragment.xml": 1702277884021,
  "fragment/Attachment.fragment.xml": 1694535400517,
  "css/style.css": 1702278143364,
  "index.html": 1694365074592
}