{
  "manifest.json": 1714467956941,
  "controller/List.controller.js": 1713262579470,
  "model/models.js": 1694365074600,
  "i18n/i18n.properties": 1694365139280,
  "controller/Form.controller.js": 1714208523498,
  "controller/BaseController.js": 1695898633273,
  "formatter.js": 1711706397705,
  "Component.js": 1714204626664,
  "Component-preload.js": 1714467957414,
  "Component-dbg.js": 1714204626664,
  "controller/List-dbg.controller.js": 1713262579470,
  "controller/Form-dbg.controller.js": 1714208523498,
  "controller/BaseController-dbg.js": 1695898633273,
  "formatter-dbg.js": 1711706397705,
  "model/models-dbg.js": 1694365074600,
  "view/List.view.xml": 1711442109814,
  "view/Form.view.xml": 1713526727141,
  "view/App.view.xml": 1694365638559,
  "fragment/VendorDetails.fragment.xml": 1711441886362,
  "fragment/Create.fragment.xml": 1712294573655,
  "fragment/Attachment.fragment.xml": 1694535400517,
  "files/SystemAuditCheckSheet.xlsx": 1711706397705,
  "files/SupplierRegistrationfromupdated.doc": 1713260516863,
  "files/RiskassessmentsupplierFinal.xlsx": 1711706397701,
  "css/style.css": 1709809513400,
  "index.html": 1694365074592
}