{
  "controller/List.controller.js": 1716989906828,
  "model/models.js": 1694414076953,
  "manifest.json": 1717133416102,
  "i18n/i18n.properties": 1694414076953,
  "controller/Form.controller.js": 1716545819761,
  "controller/BaseController.js": 1695639473807,
  "formatter.js": 1716448079022,
  "Component.js": 1716989813033,
  "Component-preload.js": 1717133416995,
  "controller/List-dbg.controller.js": 1716989906828,
  "model/models-dbg.js": 1694414076953,
  "controller/Form-dbg.controller.js": 1716545819761,
  "controller/BaseController-dbg.js": 1695639473807,
  "formatter-dbg.js": 1716448079022,
  "Component-dbg.js": 1716989813033,
  "view/List.view.xml": 1716275541240,
  "view/Form.view.xml": 1717132636703,
  "view/App.view.xml": 1694414076953,
  "fragment/VendorDetails.fragment.xml": 1711450250897,
  "fragment/Gst.fragment.xml": 1716546237276,
  "fragment/Create.fragment.xml": 1716447228234,
  "fragment/Attachment.fragment.xml": 1695157579340,
  "files/SystemAuditCheckSheet.xlsx": 1711624763917,
  "files/SupplierRegistrationfromupdated.doc": 1712654328627,
  "files/RiskassessmentsupplierFinal.xlsx": 1711607382844,
  "css/style.css": 1716981592749,
  "index.html": 1694414076953
}