{
  "formatter-dbg.js": 1696944667701,
  "controller/BaseController.js": 1695898633273,
  "model/models.js": 1694365074600,
  "controller/List.controller.js": 1697101765552,
  "controller/Form.controller.js": 1697008724324,
  "manifest.json": 1697103370075,
  "formatter.js": 1696944667701,
  "Component.js": 1697101765548,
  "Component-preload.js": 1697103371062,
  "Component-dbg.js": 1697101765548,
  "controller/List-dbg.controller.js": 1697101765552,
  "controller/Form-dbg.controller.js": 1697008724324,
  "controller/BaseController-dbg.js": 1695898633273,
  "i18n/i18n.properties": 1694365139280,
  "model/models-dbg.js": 1694365074600,
  "view/List.view.xml": 1696945519541,
  "view/Form.view.xml": 1697008724324,
  "view/App.view.xml": 1694365638559,
  "fragment/VendorDetails.fragment.xml": 1696944667721,
  "fragment/Create.fragment.xml": 1694453889703,
  "fragment/Attachment.fragment.xml": 1694535400517,
  "css/style.css": 1694365074604,
  "index.html": 1694365074592
}