{
  "fragment/Create.fragment.xml": 1694453889703,
  "formatter.js": 1694454038062,
  "model/models.js": 1694365074600,
  "controller/List.controller.js": 1694539325155,
  "controller/BaseController.js": 1694424076090,
  "manifest.json": 1694539395286,
  "Component.js": 1694365602391,
  "Component-preload.js": 1694539395460,
  "model/models-dbg.js": 1694365074600,
  "controller/List-dbg.controller.js": 1694539325155,
  "controller/BaseController-dbg.js": 1694424076090,
  "formatter-dbg.js": 1694454038062,
  "Component-dbg.js": 1694365602391,
  "view/List.view.xml": 1694454076650,
  "view/App.view.xml": 1694365638559,
  "fragment/VendorDetails.fragment.xml": 1694454486828,
  "i18n/i18n.properties": 1694365139280,
  "fragment/Attachment.fragment.xml": 1694535400517,
  "css/style.css": 1694365074604,
  "index.html": 1694365074592
}