{
  "Component-preload.js": 1717133432211,
  "controller/View1.controller.js": 1716970916129,
  "model/models.js": 1695157579380,
  "manifest.json": 1717133431625,
  "controller/MessagePage.controller.js": 1695157579380,
  "controller/App.controller.js": 1695157579380,
  "formatter.js": 1700559566843,
  "Component.js": 1714472786817,
  "i18n/i18n.properties": 1695157579380,
  "model/models-dbg.js": 1695157579380,
  "controller/View1-dbg.controller.js": 1716970916129,
  "controller/MessagePage-dbg.controller.js": 1695157579380,
  "controller/App-dbg.controller.js": 1695157579380,
  "formatter-dbg.js": 1700559566843,
  "Component-dbg.js": 1714472786817,
  "view/View1.view.xml": 1716970937661,
  "view/MessagePage.view.xml": 1695157579380,
  "view/InvalidUrl.view.xml": 1695157579380,
  "view/App.view.xml": 1695157579380,
  "images/logo.png": 1698728440413,
  "fragment/Gst.fragment.xml": 1716546217412,
  "files/SupplierRegistrationfromupdated.doc": 1712654412474,
  "css/style.css": 1708596637526,
  "index.html": 1695157579380
}