{
  "css/style.css": 1696950191449,
  "Component.js": 1696950069873,
  "model/models.js": 1694537393252,
  "controller/View1.controller.js": 1696944667721,
  "controller/MessagePage.controller.js": 1694537393252,
  "controller/App.controller.js": 1694537393252,
  "formatter.js": 1694537393252,
  "manifest.json": 1696951069363,
  "Component-preload.js": 1696951069584,
  "Component-dbg.js": 1696950069873,
  "controller/View1-dbg.controller.js": 1696944667721,
  "controller/MessagePage-dbg.controller.js": 1694537393252,
  "controller/App-dbg.controller.js": 1694537393252,
  "formatter-dbg.js": 1694537393252,
  "model/models-dbg.js": 1694537393252,
  "view/View1.view.xml": 1696950959169,
  "view/MessagePage.view.xml": 1694537393252,
  "view/InvalidUrl.view.xml": 1694537393252,
  "view/App.view.xml": 1694537393252,
  "images/logo.png": 1696944071306,
  "i18n/i18n.properties": 1694537393252,
  "index.html": 1694537393252
}