{
  "view/App.view.xml": 1694537393252,
  "model/models.js": 1694537393252,
  "manifest.json": 1694604446808,
  "controller/View1.controller.js": 1694537393252,
  "controller/MessagePage.controller.js": 1694537393252,
  "controller/App.controller.js": 1694537393252,
  "formatter.js": 1694537393252,
  "Component.js": 1694537393252,
  "Component-preload.js": 1694604447170,
  "model/models-dbg.js": 1694537393252,
  "controller/View1-dbg.controller.js": 1694537393252,
  "controller/MessagePage-dbg.controller.js": 1694537393252,
  "controller/App-dbg.controller.js": 1694537393252,
  "formatter-dbg.js": 1694537393252,
  "Component-dbg.js": 1694537393252,
  "view/View1.view.xml": 1694537393252,
  "view/MessagePage.view.xml": 1694537393252,
  "view/InvalidUrl.view.xml": 1694537393252,
  "i18n/i18n.properties": 1694537393252,
  "css/style.css": 1694537393252,
  "index.html": 1694537393252
}