{
  "view/MessagePage.view.xml": 1694537393252,
  "Component.js": 1702277884021,
  "model/models.js": 1694537393252,
  "controller/View1.controller.js": 1713260516867,
  "controller/MessagePage.controller.js": 1694537393252,
  "controller/App.controller.js": 1694537393252,
  "formatter.js": 1699453441097,
  "manifest.json": 1714467967744,
  "Component-preload.js": 1714467968044,
  "controller/App-dbg.controller.js": 1694537393252,
  "controller/View1-dbg.controller.js": 1713260516867,
  "controller/MessagePage-dbg.controller.js": 1694537393252,
  "model/models-dbg.js": 1694537393252,
  "formatter-dbg.js": 1699453441097,
  "Component-dbg.js": 1702277884021,
  "view/View1.view.xml": 1712295037929,
  "i18n/i18n.properties": 1694537393252,
  "view/InvalidUrl.view.xml": 1694537393252,
  "view/App.view.xml": 1694537393252,
  "images/logo.png": 1696944071306,
  "css/style.css": 1709742327482,
  "files/SupplierRegistrationfromupdated.doc": 1713260516867,
  "index.html": 1694537393252
}