{
  "controller/MessagePage-dbg.controller.js": 1695157579380,
  "controller/MessagePage.controller.js": 1695157579380,
  "model/models.js": 1695157579380,
  "controller/View1.controller.js": 1697115400913,
  "manifest.json": 1697115930067,
  "controller/App.controller.js": 1695157579380,
  "formatter.js": 1695157579380,
  "Component.js": 1697105782955,
  "Component-preload.js": 1697115930290,
  "i18n/i18n.properties": 1695157579380,
  "controller/View1-dbg.controller.js": 1697115400913,
  "model/models-dbg.js": 1695157579380,
  "controller/App-dbg.controller.js": 1695157579380,
  "formatter-dbg.js": 1695157579380,
  "Component-dbg.js": 1697105782955,
  "view/View1.view.xml": 1696959955992,
  "view/MessagePage.view.xml": 1695157579380,
  "view/InvalidUrl.view.xml": 1695157579380,
  "view/App.view.xml": 1695157579380,
  "images/logo.png": 1696950353624,
  "css/style.css": 1696950353624,
  "index.html": 1695157579380
}