{
  "index.html": 1694497880298,
  "controller/View1.controller.js": 1694504244735,
  "model/models.js": 1694497880306,
  "manifest.json": 1694514588160,
  "controller/MessagePage.controller.js": 1694503955907,
  "controller/App.controller.js": 1694497880310,
  "formatter.js": 1694504840364,
  "Component.js": 1694497880298,
  "Component-preload.js": 1694514588361,
  "controller/App-dbg.controller.js": 1694497880310,
  "controller/View1-dbg.controller.js": 1694504244735,
  "controller/MessagePage-dbg.controller.js": 1694503955907,
  "model/models-dbg.js": 1694497880306,
  "formatter-dbg.js": 1694504840364,
  "Component-dbg.js": 1694497880298,
  "view/View1.view.xml": 1694499909710,
  "view/MessagePage.view.xml": 1694503823216,
  "view/InvalidUrl.view.xml": 1694503628986,
  "view/App.view.xml": 1694497880314,
  "css/style.css": 1694497880314,
  "i18n/i18n.properties": 1694497880306
}