{
  "controller/View1.controller.js": 1697101765564,
  "controller/App.controller.js": 1694537393252,
  "model/models.js": 1694537393252,
  "i18n/i18n.properties": 1694537393252,
  "controller/MessagePage.controller.js": 1694537393252,
  "manifest.json": 1697103392632,
  "formatter.js": 1694537393252,
  "Component.js": 1697103330558,
  "Component-preload.js": 1697103393096,
  "controller/App-dbg.controller.js": 1694537393252,
  "controller/View1-dbg.controller.js": 1697101765564,
  "controller/MessagePage-dbg.controller.js": 1694537393252,
  "model/models-dbg.js": 1694537393252,
  "formatter-dbg.js": 1694537393252,
  "Component-dbg.js": 1697103330558,
  "view/View1.view.xml": 1697008724324,
  "view/MessagePage.view.xml": 1694537393252,
  "view/InvalidUrl.view.xml": 1694537393252,
  "view/App.view.xml": 1694537393252,
  "images/logo.png": 1696944071306,
  "css/style.css": 1696950191449,
  "index.html": 1694537393252
}