<Dialog
    id="createDialog"
    title="Create Supplier"
    titleAlignment="Center"
    xmlns:f="sap.ui.layout.form"
    xmlns:core="sap.ui.core"
    xmlns="sap.m"
    draggable="true"
    escapeHandler=".onDialogEscapeHandler"
    contentWidth="320px"
    class="sapUiSizeCompact"
>
    <content>
        <f:SimpleForm
            id="_IDGenSimpleForm1"
            editable="true"
            layout="ResponsiveGridLayout"
        >
            <Label
                id="_IDGenLabel1"
                design="Bold"
                required="true"
                text="Supplier Type"
            />
            <Select
                id="_IDGenSelect1"
                forceSelection="false"
                selectedKey="{path:'CreateModel>/VendorType',type:'sap.ui.model.type.String',constraints:{minLength:2}}"
                valueStateText="Required"
                fieldGroupIds="required"
            >
                <core:Item
                    id="_IDGenItem1"
                    key=""
                    text=""
                />
                <core:Item
                    id="_IDGenItem2"
                    key="DM"
                    text="Domestic"
                />
                <core:Item
                    id="_IDGenItem3"
                    key="IP"
                    text="Import"
                />
            </Select>
            <Label
                id="_IDGenLabel2"
                design="Bold"
                required="true"
                text="Supplier Name"
            />
            <Input
                id="_IDGenInput1"
                value="{path:'CreateModel>/VendorName',type:'sap.ui.model.type.String',constraints:{minLength:1}}"
                valueStateText="Required"
                fieldGroupIds="required"
            />
            <Label
                id="_IDGenLabel7"
                design="Bold"
                required="true"
                text="Registration Type"
            />
            <Select
                id="_IDGenSelect2"
                forceSelection="false"
                selectedKey="{path:'CreateModel>/RegistrationType',type:'sap.ui.model.type.String'}"
                valueStateText="Required"
                fieldGroupIds="required"
            >
                <core:Item
                    id="_IDGenItem6"
                    key=""
                    text=""
                />
                <core:Item
                    id="_IDGenItem5"
                    key="Customer Approved / BOM Parts"
                    text="Customer Approved / BOM Parts"
                />
                <core:Item
                    id="_IDGenItem4"
                    key="Non BOM parts"
                    text="Non BOM parts"
                />
            </Select>
            <!-- <Label
                id="_IDGenLabel3"
                design="Bold"
                required="true"
                text="Department"
            />
            <Input
                id="_IDGenInput2"
                value="{path:'CreateModel>/Department',type:'sap.ui.model.type.String',constraints:{minLength:1}}"
                valueStateText="Required"
                fieldGroupIds="required"
            /> -->
            <Label
                id="_IDGenLabel4"
                design="Bold"
                required="true"
                text="Telephone No."
            />
            <Input
                id="_IDGenInput3"
                type="Number"
                value="{path:'CreateModel>/Telephone',type:'sap.ui.model.type.String',constraints:{minLength: 10,maxLength:10}}"
                valueStateText="Required"
                fieldGroupIds="required"
            />
            <Label
                id="_IDGenLabel5"
                design="Bold"
                required="true"
                text="City"
            />
            <Input
                id="_IDGenInput4"
                value="{path:'CreateModel>/City',type:'sap.ui.model.type.String',constraints:{minLength:1}}"
                valueStateText="Required"
                fieldGroupIds="required"
            />
            <Label
                id="_IDGenLabel6"
                design="Bold"
                required="true"
                text="Supplier Email"
            />
            <Input
                id="_IDGenInput5"
                value="{path:'CreateModel>/VendorMail',type:'.customEMailType'}"
                valueStateText="Required"
                fieldGroupIds="required"
            />
            <Label
                id="_IDGenLabel8"
                design="Bold"
                required="true"
                text="Related Part"
            />
            <Select
                id="_IDGenSelect3"
                forceSelection="false"
                selectedKey="{path:'CreateModel>/RelatedPart',type:'sap.ui.model.type.String'}"
                valueStateText="Required"
                fieldGroupIds="required"
            >
                <core:Item
                    id="_IDGenItem7"
                    key=""
                    text=""
                />
                <core:Item
                    id="_IDGenItem8"
                    key="Yes"
                    text="Yes"
                />
                <core:Item
                    id="_IDGenItem9"
                    key="No"
                    text="No"
                />
            </Select>
        </f:SimpleForm>
    </content>
    <beginButton>
        <Button
            id="_IDGenButton1"
            type="Emphasized"
            text="Submit"
            press="onCreateSubmit"
        />
    </beginButton>
    <endButton>
        <Button
            id="_IDGenButton2"
            type="Reject"
            text="Cancel"
            press="onDialogCancel"
        />
    </endButton>
</Dialog>
